,,B,301,M,832,T,282,Total,1415,,Target,1464,gap,49
B,1984,,,,,,,,,,,,,
B,A Clockwork Orange,,,,,,,,,,,,,
B,A Farewell to Arms,,,,,,,,,,,,,
B,A Midsummer Night's Dream,,,,,,,,,,,,,
B,A Passage to India,,,,,,,,,,,,,
B,A Room with a View,,,,,,,,,,,,,
B,A Study in Scarlet,,,,,,,,,,,,,
B,A Tale of Two Cities,,,,,,,,,,,,,
B,A Time to Kill,,,,,,,,,,,,,
B,Agnes Grey,,,,,,,,,,,,,
B,Alice in Wonderland,,,,,,,,,,,,,
B,All Quiet on the Western Front,,,,,,,,,,,,,
B,All's Well That Ends Well,,,,,,,,,,,,,
B,Along Came a Spider,,,,,,,,,,,,,
B,And Then There Were None,,,,,,,,,,,,,
B,Angels & Demons,Angels and Demons,,,,,,,,,,,,
B,Animal Farm,,,,,,,,,,,,,
B,Anna Karenina,,,,,,,,,,,,,
B,Anne of Green Gables,,,,,,,,,,,,,
B,Antony and Cleopatra,,,,,,,,,,,,,
B,Around the World in Eighty Days,,,,,,,,,,,,,
B,As You Like It,,,,,,,,,,,,,
B,Atonement,,,,,,,,,,,,,
B,Beowulf,,,,,,,,,,,,,
B,Black Beauty,,,,,,,,,,,,,
B,Bleak House,,,,,,,,,,,,,
B,Brave New World,,,,,,,,,,,,,
B,Cat on a Hot Tin Roof,,,,,,,,,,,,,
B,Catch-22,,,,,,,,,,,,,
B,Clear and Present Danger,,,,,,,,,,,,,
B,Confessions of a Shopaholic,Shopaholic,,,,,,,,,,,,
B,Coriolanus,,,,,,,,,,,,,
B,Cyrano de Bergerac,,,,,,,,,,,,,
B,David Copperfield,,,,,,,,,,,,,
B,Death of a Salesman,,,,,,,,,,,,,
B,Death on the Nile,,,,,,,,,,,,,
B,Diary of a Wimpy Kid,,,,,,,,,,,,,
B,Don Quixote,,,,,,,,,,,,,
B,Dr. Jekyll and Mr. Hyde,Jekyll and Hyde,,,,,,,,,,,,
B,Dubliners,,,,,,,,,,,,,
B,East of Eden,,,,,,,,,,,,,
B,Emma,,,,,,,,,,,,,
B,Fahrenheit 451,,,,,,,,,,,,,
B,Fantastic Mr Fox,,,,,,,,,,,,,
B,Far from the Madding Crowd,,,,,,,,,,,,,
B,First Among Equals,,,,,,,,,,,,,
B,For Whom the Bell Tolls,,,,,,,,,,,,,
B,Good Omens,,,,,,,,,,,,,
B,Green Eggs and Ham,,,,,,,,,,,,,
B,Gulliver's Travels,,,,,,,,,,,,,
B,Hamlet,,,,,,,,,,,,,
B,Hard Times,,,,,,,,,,,,,
B,Harry Potter and the Philosopher's Stone,Harry Potter,,,,,,,,,,,,
B,Heidi,,,,,,,,,,,,,
B,Henry V,,,,,,,,,,,,,
B,His Dark Materials,,,,,,,,,,,,,
B,Horrid Henry,,,,,,,,,,,,,
B,Inferno,,,,,,,,,,,,,
B,Interview with the Vampire,,,,,,,,,,,,,
B,"Danny, the Champion of the World",,,,,,,,,,,,,
B,James and the Giant Peach,,,,,,,,,,,,,
B,Jane Eyre,,,,,,,,,,,,,
B,Journey to the Center of the Earth,,,,,,,,,,,,,
B,Jude the Obscure,,,,,,,,,,,,,
B,Julius Caesar,,,,,,,,,,,,,
B,Kane and Abel,,,,,,,,,,,,,
B,King Lear,,,,,,,,,,,,,
B,Knots and Crosses,,,,,,,,,,,,,
B,Les Miserables,Les Miserables,,,,,,,,,,,,
B,Life of Pi,,,,,,,,,,,,,
B,Like Water for Chocolate,,,,,,,,,,,,,
B,Little Dorrit,,,,,,,,,,,,,
B,Little Miss Bossy,,,,,,,,,,,,,
B,Little Miss Chatterbox,,,,,,,,,,,,,
B,Little Miss Helpful,,,,,,,,,,,,,
B,Little Miss Naughty,,,,,,,,,,,,,
B,Little Women,,,,,,,,,,,,,
B,Long Walk to Freedom,,,,,,,,,,,,,
B,Love's Labour's Lost,,,,,,,,,,,,,
B,Macbeth,,,,,,,,,,,,,
B,Mansfield Park,,,,,,,,,,,,,
B,Me Before You,,,,,,,,,,,,,
B,Measure for Measure,,,,,,,,,,,,,
B,Middlemarch,,,,,,,,,,,,,
B,Moll Flanders,,,,,,,,,,,,,
B,Mr. Bump,,,,,,,,,,,,,
B,Mr. Forgetful,,,,,,,,,,,,,
B,Mr. Greedy,,,,,,,,,,,,,
B,Mr. Grumpy,,,,,,,,,,,,,
B,Mr. Happy,,,,,,,,,,,,,
B,Mr. Messy,,,,,,,,,,,,,
B,Mr. Nosey,,,,,,,,,,,,,
B,Mr. Perfect,,,,,,,,,,,,,
B,Mr. Silly,,,,,,,,,,,,,
B,Mr. Small,,,,,,,,,,,,,
B,Mr. Sneeze,,,,,,,,,,,,,
B,Mr. Snow,,,,,,,,,,,,,
B,Mr. Strong,,,,,,,,,,,,,
B,Mr. Tickle,,,,,,,,,,,,,
B,Much Ado About Nothing,,,,,,,,,,,,,
B,Murder on the Orient Express,,,,,,,,,,,,,
B,Mystic River,,,,,,,,,,,,,
B,Nicholas Nickleby,,,,,,,,,,,,,
B,Northanger Abbey,,,,,,,,,,,,,
B,Norwegian Wood,,,,,,,,,,,,,
B,Of Mice and Men,,,,,,,,,,,,,
B,Oliver Twist,,,,,,,,,,,,,
B,On the Road,,,,,,,,,,,,,
B,One Flew Over the Cuckoo's Nest,,,,,,,,,,,,,
B,Othello,,,,,,,,,,,,,
B,P.S. I Love You,,,,,,,,,,,,,
B,Paradise Lost,,,,,,,,,,,,,
B,Patriot Games,,,,,,,,,,,,,
B,Persuasion,,,,,,,,,,,,,
B,Peter Rabbit,The Tale of Peter Rabbit,,,,,,,,,,,,
B,Peyton Place,,,,,,,,,,,,,
B,Pride and Prejudice,,,,,,,,,,,,,
B,Prince Caspian,,,,,,,,,,,,,
B,Rainbow Six,,,,,,,,,,,,,
B,Rhinoceros,,,,,,,,,,,,,
B,Richard III,,,,,,,,,,,,,
B,Riders,,,,,,,,,,,,,
B,Robinson Crusoe,,,,,,,,,,,,,
B,Romeo and Juliet,,,,,,,,,,,,,
B,Salem's Lot,,,,,,,,,,,,,
B,Sapiens,,,,,,,,,,,,,
B,Sense and Sensibility,,,,,,,,,,,,,
B,Shopaholic Takes Manhattan,Shopaholic,,,,,,,,,,,,
B,Shopaholic Ties the Knot,Shopaholic,,,,,,,,,,,,
B,Silas Marner,,,,,,,,,,,,,
B,Swiss Family Robinson,,,,,,,,,,,,,
B,Tender Is the Night,,,,,,,,,,,,,
B,Tess of the d'Urbervilles,,,,,,,,,,,,,
B,The Adventures of Huckleberry Finn,Huckleberry Finn,,,,,,,,,,,,
B,The Adventures of Tom Sawyer,Tom Sawyer,,,,,,,,,,,,
B,The Age of Innocence,,,,,,,,,,,,,
B,The Appeal,,,,,,,,,,,,,
B,The BFG,Big Friendly Giant,,,,,,,,,,,,
B,The Bridges of Madison County,,,,,,,,,,,,,
B,The Brothers Karamazov,,,,,,,,,,,,,
B,The Call of the Wild,,,,,,,,,,,,,
B,The Canterbury Tales,,,,,,,,,,,,,
B,The Cat in the Hat,,,,,,,,,,,,,
B,The Catcher in the Rye,,,,,,,,,,,,,
B,"The Lion, the Witch and the Wardrobe",Narnia,,,,,,,,,,,,
B,The Client,,,,,,,,,,,,,
B,The Color Purple,,,,,,,,,,,,,
B,The Confession,,,,,,,,,,,,,
B,The Count of Monte Cristo,,,,,,,,,,,,,
B,The Crucible,,,,,,,,,,,,,
B,The Da Vinci Code,,,,,,,,,,,,,
B,The Divine Comedy,Dante's Inferno,,,,,,,,,,,,
B,The Famous Five,,,,,,,,,,,,,
B,The Feast of the Goat,,,,,,,,,,,,,
B,The Firm,,,,,,,,,,,,,
B,The God of Small Things,,,,,,,,,,,,,
B,The Golden Compass,Northern Lights,,,,,,,,,,,,
B,The Grapes of Wrath,,,,,,,,,,,,,
B,The Great Gatsby,,,,,,,,,,,,,
B,The Gruffalo,,,,,,,,,,,,,
B,The Hitchhiker's Guide to the Galaxy,Hitchhiker's Guide to the Galaxy,,,,,,,,,,,,
B,The Hobbit,,,,,,,,,,,,,
B,The Hound of the Baskervilles,,,,,,,,,,,,,
B,The Hours,,,,,,,,,,,,,
B,The House of the Seven Gables,Seven Gables,,,,,,,,,,,,
B,The Hunchback of Notre-Dame,The Hunchback of Notre Dame,,,,,,,,,,,,
B,The Hunger Games,,,,,,,,,,,,,
B,The Hunt for Red October,,,,,,,,,,,,,
B,The Iliad,,,,,,,,,,,,,
B,The Importance of Being Earnest,,,,,,,,,,,,,
B,The Invisible Man,,,,,,,,,,,,,
B,The Little Prince,,,,,,,,,,,,,
B,The Lost Symbol,,,,,,,,,,,,,
B,The Lost World,,,,,,,,,,,,,
B,The Merchant of Venice,,,,,,,,,,,,,
B,The Merry Wives of Windsor,,,,,,,,,,,,,
B,The Mill on the Floss,,,,,,,,,,,,,
B,The Mirror and the Light,,,,,,,,,,,,,
B,The Name of the Rose,,,,,,,,,,,,,
B,The Notebook,,,,,,,,,,,,,
B,The Odyssey,,,,,,,,,,,,,
B,The Old Curiosity Shop,,,,,,,,,,,,,
B,The Old Man and the Sea,,,,,,,,,,,,,
B,The Partner,,,,,,,,,,,,,
B,The Pelican Brief,,,,,,,,,,,,,
B,The Perks of Being a Wallflower,,,,,,,,,,,,,
B,The Phantom of the Opera,,,,,,,,,,,,,
B,The Pickwick Papers,,,,,,,,,,,,,
B,The Picture of Dorian Gray,,,,,,,,,,,,,
B,The Pilgrim's Progress,,,,,,,,,,,,,
B,The Pillars of the Earth,,,,,,,,,,,,,
B,The Portrait of a Lady,,,,,,,,,,,,,
B,The Rainmaker,,,,,,,,,,,,,
B,The Reckoning,,,,,,,,,,,,,
B,The Remains of the Day,,,,,,,,,,,,,
B,The Return of the King,,,,,,,,,,,,,
B,The Return of the Native,,,,,,,,,,,,,
B,The Road to Wigan Pier,,,,,,,,,,,,,
B,The Runaway Jury,Runaway Jury,,,,,,,,,,,,
B,The Satanic Verses,,,,,,,,,,,,,
B,The Scarlet Letter,,,,,,,,,,,,,
B,The Secret Garden,,,,,,,,,,,,,
B,The Secret Seven,,,,,,,,,,,,,
B,The Street Lawyer,,,,,,,,,,,,,
B,The Sum of All Fears,,,,,,,,,,,,,
B,The Taming of the Shrew,,,,,,,,,,,,,
B,The Tempest,,,,,,,,,,,,,
B,The Testament,,,,,,,,,,,,,
B,The Thorn Birds,,,,,,,,,,,,,
B,The Three Musketeers,,,,,,,,,,,,,
B,The Time Machine,,,,,,,,,,,,,
B,The Turn of the Screw,,,,,,,,,,,,,
B,The Twits,,,,,,,,,,,,,
B,The Two Gentlemen of Verona,,,,,,,,,,,,,
B,The Two Towers,,,,,,,,,,,,,
B,The Unbearable Lightness of Being,,,,,,,,,,,,,
B,The Undomestic Goddess,,,,,,,,,,,,,
B,The Naked Chef,,,,,,,,,,,,,
B,The Very Hungry Caterpillar,,,,,,,,,,,,,
B,The War of the Worlds,,,,,,,,,,,,,
B,The Wind in the Willows,,,,,,,,,,,,,
B,The Winter's Tale,,,,,,,,,,,,,
B,Three Sisters,,,,,,,,,,,,,
B,Titus Andronicus,,,,,,,,,,,,,
B,To Kill a Mockingbird,,,,,,,,,,,,,
B,To the Lighthouse,,,,,,,,,,,,,
B,Treasure Island,,,,,,,,,,,,,
B,Twelfth Night,,,,,,,,,,,,,
B,Twenty Thousand Leagues Under the Sea,,,,,,,,,,,,,
B,Ulysses,,,,,,,,,,,,,
B,Uncle Tom's Cabin,,,,,,,,,,,,,
B,Valley of the Dolls,,,,,,,,,,,,,
B,Vanity Fair,,,,,,,,,,,,,
B,Waiting for Godot,,,,,,,,,,,,,
B,War and Peace,,,,,,,,,,,,,
B,Washington Square,,,,,,,,,,,,,
B,Water for Elephants,,,,,,,,,,,,,
B,Watership Down,,,,,,,,,,,,,
B,We Need to Talk About Kevin,,,,,,,,,,,,,
B,Where Angels Fear to Tread,,,,,,,,,,,,,
B,Where the Wild Things Are,,,,,,,,,,,,,
B,White Fang,,,,,,,,,,,,,
B,Who's Afraid of Virginia Woolf?,,,,,,,,,,,,,
B,Winnie the Pooh,Winnie-the-Pooh,,,,,,,,,,,,
B,The ABC Murders,,,,,,,,,,,,,
B,Brighton Rock,,,,,,,,,,,,,
B,Alfie,,,,,,,,,,,,,
B,Schindlers Ark,Schindlers List,,,,,,,,,,,,
B,Paddy Clarke Ha Ha Ha,Paddy Clarke,,,,,,,,,,,,
B,The Thursday Murder Club,,,,,,,,,,,,,
B,The Day of the Jackal,,,,,,,,,,,,,
B,Hollywood Wives,,,,,,,,,,,,,
B,A Brief History of Time,,,,,,,,,,,,,
B,The Horse Whisperer,,,,,,,,,,,,,
B,Hannibal,Hannibal Lecter,,,,,,,,,,,,
B,Angela's Ashes,,,,,,,,,,,,,
B,Fifty Shades of Grey,,,,,,,,,,,,,
B,It Starts With Us,,,,,,,,,,,,,
B,Lessons in Chemistry,,,,,,,,,,,,,
B,Polo,,,,,,,,,,,,,
B,Sex and the City,,,,,,,,,,,,,
B,Fever Pitch,,,,,,,,,,,,,
B,The Wealth of Nations,,,,,,,,,,,,,
B,The Boy in the Striped Pyjamas,,,,,,,,,,,,,
B,One Day,,,,,,,,,,,,,
B,Lord of the Flies,,,,,,,,,,,,,
B,Fox in Socks,,,,,,,,,,,,,
B,The Bible,,,,,,,,,,,,,
B,The Book of Mormon,,,,,,,,,,,,,
B,The Communist Manifesto,,,,,,,,,,,,,
B,The Road Less Travelled,,,,,,,,,,,,,
B,Who Moved my Cheese?,,,,,,,,,,,,,
B,Fantastic Beasts and Where to Find Them,Fantastic Beasts,,,,,,,,,,,,
B,The Casual Vacancy,,,,,,,,,,,,,
B,Slaughterhouse-Five,Slaughterhouse 5,,,,,,,,,,,,
B,The Forever War,,,,,,,,,,,,,
B,Contact,,,,,,,,,,,,,
B,The Prince,,,,,,,,,,,,,
B,Utopia,,,,,,,,,,,,,
B,Leviathan,,,,,,,,,,,,,
B,Noddy Goes to Toyland,Noddy,,,,,,,,,,,,
M,10 Things I Hate About You,,,,,,,,,,,,,
M,101 Dalmatians,One Hundred and One Dalmatians,,,,,,,,,,,,
M,12 Angry Men,,,,,,,,,,,,,
M,2001: A Space Odyssey,Space Odyssey,,,,,,,,,,,,
M,28 Days Later,,,,,,,,,,,,,
M,28 Weeks Later,,,,,,,,,,,,,
M,300,,,,,,,,,,,,,
M,50 First Dates,,,,,,,,,,,,,
M,8 Mile,Eight Mile,,,,,,,,,,,,
M,A Beautiful Mind,,,,,,,,,,,,,
M,A Bridge Too Far,,,,,,,,,,,,,
M,A Few Good Men,,,,,,,,,,,,,
M,A League of Their Own,,,,,,,,,,,,,
M,A Man for All Seasons,,,,,,,,,,,,,
M,A Star Is Born,,,,,,,,,,,,,
M,A Streetcar Named Desire,,,,,,,,,,,,,
B,About a Boy,,,,,,,,,,,,,
M,About Time,,,,,,,,,,,,,
M,Air Force One,,,,,,,,,,,,,
M,Alien,,,,,,,,,,,,,
B,All the President's Men,,,,,,,,,,,,,
M,Alvin and the Chipmunks,,,,,,,,,,,,,
M,Amadeus,,,,,,,,,,,,,
M,Amelie,Amelie,,,,,,,,,,,,
M,American Beauty,,,,,,,,,,,,,
M,American Hustle,,,,,,,,,,,,,
M,American Psycho,,,,,,,,,,,,,
M,American Sniper,,,,,,,,,,,,,
M,An Inconvenient Truth,,,,,,,,,,,,,
M,Anchorman,,,,,,,,,,,,,
M,Annie,,,,,,,,,,,,,
M,Annie Hall,,,,,,,,,,,,,
M,Ant-Man,,,,,,,,,,,,,
M,Apocalypse Now,,,,,,,,,,,,,
M,Apollo 13,,,,,,,,,,,,,
M,Aquaman,,,,,,,,,,,,,
M,Argo,,,,,,,,,,,,,
M,Armageddon,,,,,,,,,,,,,
M,Arrival,,,,,,,,,,,,,
M,Avatar,,,,,,,,,,,,,
M,Babe,,,,,,,,,,,,,
M,Baby Driver,,,,,,,,,,,,,
M,Back to the Future,,,,,,,,,,,,,
M,Bambi,,,,,,,,,,,,,
M,Barbie,,,,,,,,,,,,,
M,Basic Instinct,,,,,,,,,,,,,
M,Batman & Robin,,,,,,,,,,,,,
M,Batman v Superman: Dawn of Justice,Batman  Superman,,,,,,,,,,,,
M,Beauty and the Beast,,,,,,,,,,,,,
M,Beethoven,,,,,,,,,,,,,
M,Beetlejuice,,,,,,,,,,,,,
M,Being John Malkovich,,,,,,,,,,,,,
M,Being There,,,,,,,,,,,,,
M,Belfast,,,,,,,,,,,,,
M,Ben-Hur,Ben Hur,,,,,,,,,,,,
M,Bend It Like Beckham,,,,,,,,,,,,,
M,Bicycle Thieves,,,,,,,,,,,,,
M,Big,,,,,,,,,,,,,
M,Big Fish,,,,,,,,,,,,,
M,Big Hero 6,,,,,,,,,,,,,
M,Big Trouble in Little China,,,,,,,,,,,,,
M,Billy Elliot,,,,,,,,,,,,,
M,Birdman,,,,,,,,,,,,,
M,Black Hawk Down,,,,,,,,,,,,,
M,Black Panther,,,,,,,,,,,,,
M,Black Widow,,,,,,,,,,,,,
M,Blade,,,,,,,,,,,,,
M,Blade Runner,,,,,,,,,,,,,
M,Blade Runner 2049,Blade Runner,,,,,,,,,,,,
M,Blue Velvet,,,,,,,,,,,,,
M,Bohemian Rhapsody,,,,,,,,,,,,,
M,Bonnie and Clyde,,,,,,,,,,,,,
M,Brave,,,,,,,,,,,,,
M,Braveheart,,,,,,,,,,,,,
M,Brazil,,,,,,,,,,,,,
M,Breakfast at Tiffany's,,,,,,,,,,,,,
B,Brideshead Revisited,,,,,,,,,,,,,
M,Bridesmaids,,,,,,,,,,,,,
M,Bridge of Spies,,,,,,,,,,,,,
M,Bridget Jones's Diary,Bridget Jones,,,,,,,,,,,,
M,Brief Encounter,,,,,,,,,,,,,
M,Broadcast News,,,,,,,,,,,,,
M,Brokeback Mountain,,,,,,,,,,,,,
M,Bruce Almighty,,,,,,,,,,,,,
M,Bull Durham,,,,,,,,,,,,,
M,Bullitt,Bullet,,,,,,,,,,,,
M,Butch Cassidy and the Sundance Kid,,,,,,,,,,,,,
M,Captain Marvel,,,,,,,,,,,,,
M,Captain Phillips,,,,,,,,,,,,,
M,Carrie,,,,,,,,,,,,,
M,Cars,,,,,,,,,,,,,
M,Casino,,,,,,,,,,,,,
M,Casino Royale,,,,,,,,,,,,,
M,Cast Away,,,,,,,,,,,,,
M,Catch Me If You Can,,,,,,,,,,,,,
M,Cats,,,,,,,,,,,,,
M,Chariots of Fire,,,,,,,,,,,,,
M,Charlie's Angels,,,,,,,,,,,,,
M,Chicago,,,,,,,,,,,,,
M,Chicken Little,,,,,,,,,,,,,
M,Chicken Run,,,,,,,,,,,,,
M,Chinatown,,,,,,,,,,,,,
M,Christopher Robin,,,,,,,,,,,,,
M,Cinderella,,,,,,,,,,,,,
M,Citizen Kane,,,,,,,,,,,,,
M,Cleopatra,,,,,,,,,,,,,
M,Close Encounters of the Third Kind,,,,,,,,,,,,,
M,Cloverfield,,,,,,,,,,,,,
M,Clueless,,,,,,,,,,,,,
M,Coco,,,,,,,,,,,,,
M,Con Air,,,,,,,,,,,,,
M,Contagion,,,,,,,,,,,,,
M,Cool Hand Luke,,,,,,,,,,,,,
M,Cool Runnings,,,,,,,,,,,,,
M,Coraline,,,,,,,,,,,,,
M,"Crazy, Stupid, Love.",Crazy Stupid Love,,,,,,,,,,,,
M,Creed,,,,,,,,,,,,,
M,"Crouching Tiger, Hidden Dragon",,,,,,,,,,,,,
M,Cruella,,,,,,,,,,,,,
M,Dances with Wolves,,,,,,,,,,,,,
M,Darkest Hour,,,,,,,,,,,,,
M,Dead Poets Society,,,,,,,,,,,,,
M,Deadpool,,,,,,,,,,,,,
M,Death in Venice,,,,,,,,,,,,,
M,Deep Impact,,,,,,,,,,,,,
M,Despicable Me,,,,,,,,,,,,,
M,Dial M for Murder,,,,,,,,,,,,,
M,Diana,,,,,,,,,,,,,
M,Die Another Day,,,,,,,,,,,,,
M,Dirty Dancing,,,,,,,,,,,,,
M,Divergent,,,,,,,,,,,,,
M,Doctor Strange,,,,,,,,,,,,,
M,Doctor Zhivago,,,,,,,,,,,,,
M,Dog Day Afternoon,,,,,,,,,,,,,
M,Dr. Dolittle,Dolittle,,,,,,,,,,,,
M,Don't Look Up,Dont Look Up,,,,,,,,,,,,
M,Donnie Darko,,,,,,,,,,,,,
M,Downfall,,,,,,,,,,,,,
M,Dr. No,,,,,,,,,,,,,
M,Dr. Strangelove,Doctor Strangelove,,,,,,,,,,,,
M,Driving Miss Daisy,,,,,,,,,,,,,
M,Duck Soup,,,,,,,,,,,,,
M,Dumb and Dumber,,,,,,,,,,,,,
M,Dumbo,,,,,,,,,,,,,
B,Dune,,,,,,,,,,,,,
M,Dunkirk,,,,,,,,,,,,,
M,E.T. the Extra-Terrestrial,ET,,,,,,,,,,,,
M,East Is East,,,,,,,,,,,,,
M,Easy A,,,,,,,,,,,,,
M,Eat Pray Love,,,,,,,,,,,,,
M,Edge of Tomorrow,,,,,,,,,,,,,
M,Edward Scissorhands,,,,,,,,,,,,,
M,Elf,,,,,,,,,,,,,
M,Elizabeth,,,,,,,,,,,,,
M,Enchanted,,,,,,,,,,,,,
M,Enemy of the State,,,,,,,,,,,,,
M,Eraserhead,,,,,,,,,,,,,
M,Erin Brockovich,,,,,,,,,,,,,
M,Escape from New York,,,,,,,,,,,,,
M,Eternal Sunshine of the Spotless Mind,,,,,,,,,,,,,
M,Eternals,,,,,,,,,,,,,
M,Everything Everywhere All at Once,,,,,,,,,,,,,
M,Ex Machina,,,,,,,,,,,,,
M,Face Off,,,,,,,,,,,,,
M,Fantasia,,,,,,,,,,,,,
M,Fantastic Four,,,,,,,,,,,,,
M,Fantastic Mr. Fox,,,,,,,,,,,,,
M,Fear and Loathing in Las Vegas,,,,,,,,,,,,,
M,Ferris Bueller's Day Off,,,,,,,,,,,,,
M,Field of Dreams,,,,,,,,,,,,,
M,Fight Club,,,,,,,,,,,,,
M,Finding Nemo,,,,,,,,,,,,,
M,Flipper,,,,,,,,,,,,,
M,Footloose,,,,,,,,,,,,,
M,Ford v Ferrari,,,,,,,,,,,,,
M,Forrest Gump,,,,,,,,,,,,,
M,Four Weddings and a Funeral,,,,,,,,,,,,,
M,Freaky Friday,,,,,,,,,,,,,
M,Free Guy,,,,,,,,,,,,,
M,Free Willy,,,,,,,,,,,,,
M,Friday the 13th,,,,,,,,,,,,,
M,Fried Green Tomatoes,,,,,,,,,,,,,
M,Frost/Nixon,,,,,,,,,,,,,
M,Full Metal Jacket,,,,,,,,,,,,,
M,Death of Stalin,,,,,,,,,,,,,
M,Funny Girl,,,,,,,,,,,,,
M,Fury,,,,,,,,,,,,,
M,Gandhi,,,,,,,,,,,,,
M,Gaslight,,,,,,,,,,,,,
M,Ghost,,,,,,,,,,,,,
M,Ghost Rider,,,,,,,,,,,,,
M,Gladiator,,,,,,,,,,,,,
M,Glass Onion: A Knives Out Mystery,Glass Onion,,,,,,,,,,,,
M,Godzilla,,,,,,,,,,,,,
M,GoldenEye,,,,,,,,,,,,,
M,Gone Girl,,,,,,,,,,,,,
M,Gone with the Wind,,,,,,,,,,,,,
M,"Good Night, and Good Luck",,,,,,,,,,,,,
M,Good Will Hunting,,,,,,,,,,,,,
M,Goodfellas,,,,,,,,,,,,,
M,Gorky Park,,,,,,,,,,,,,
M,Gosford Park,,,,,,,,,,,,,
M,Gravity,,,,,,,,,,,,,
M,Grease,,,,,,,,,,,,,
M,Green Book,,,,,,,,,,,,,
M,Groundhog Day,,,,,,,,,,,,,
M,Guardians of the Galaxy,,,,,,,,,,,,,
M,Hacksaw Ridge,,,,,,,,,,,,,
M,Hairspray,,,,,,,,,,,,,
M,Halloween,,,,,,,,,,,,,
M,Happy Feet,,,,,,,,,,,,,
M,Heaven's Gate,,,,,,,,,,,,,
M,Hellboy,,,,,,,,,,,,,
M,Hercules,,,,,,,,,,,,,
B,High Fidelity,,,,,,,,,,,,,
M,High School Musical,,,,,,,,,,,,,
M,Home Alone,,,,,,,,,,,,,
M,Hot Fuzz,,,,,,,,,,,,,
M,Hotel Transylvania,,,,,,,,,,,,,
M,How to Train Your Dragon,,,,,,,,,,,,,
M,Hugo,,,,,,,,,,,,,
M,I Am Legend,,,,,,,,,,,,,
M,"I Love You, Man",,,,,,,,,,,,,
M,Ice Age,,,,,,,,,,,,,
M,Inception,,,,,,,,,,,,,
M,Independence Day,,,,,,,,,,,,,
M,Inside Man,,,,,,,,,,,,,
M,Inside Out,,,,,,,,,,,,,
M,Interstellar,,,,,,,,,,,,,
M,Iron Man,,,,,,,,,,,,,
M,It,,,,,,,,,,,,,
M,It's a Wonderful Life,,,,,,,,,,,,,
M,Goldfinger,Gold finger,,,,,,,,,,,,
M,Skyfall,Sky fall,,,,,,,,,,,,
M,Jerry Maguire,,,,,,,,,,,,,
M,JFK,John F Kennedy,,,,,,,,,,,,
M,John Wick,,,,,,,,,,,,,
M,Joker,,,,,,,,,,,,,
M,Joy,,,,,,,,,,,,,
M,Jumanji,,,,,,,,,,,,,
M,Juno,,,,,,,,,,,,,
M,Jurassic Park,,,,,,,,,,,,,
M,Jurassic World,,,,,,,,,,,,,
M,Justice League,,,,,,,,,,,,,
M,Kes,,,,,,,,,,,,,
M,Killers of the Flower Moon,,,,,,,,,,,,,
M,Kind Hearts and Coronets,,,,,,,,,,,,,
M,King Kong,,,,,,,,,,,,,
M,Kingdom of Heaven,,,,,,,,,,,,,
M,Kingsman: The Secret Service,Kingsman,,,,,,,,,,,,
M,Klaus,,,,,,,,,,,,,
M,Knives Out,,,,,,,,,,,,,
M,Kramer vs. Kramer,,,,,,,,,,,,,
M,Kung Fu Panda,,,,,,,,,,,,,
M,La Dolce Vita,,,,,,,,,,,,,
M,La La Land,,,,,,,,,,,,,
M,Labyrinth,,,,,,,,,,,,,
M,Lady and the Tramp,,,,,,,,,,,,,
M,Lassie,,,,,,,,,,,,,
M,Lawrence of Arabia,,,,,,,,,,,,,
M,Legally Blonde,,,,,,,,,,,,,
M,Legends of the Fall,,,,,,,,,,,,,
M,Lethal Weapon,,,,,,,,,,,,,
M,Letters from Iwo Jima,,,,,,,,,,,,,
M,Lightyear,,,,,,,,,,,,,
M,Lilo & Stitch,,,,,,,,,,,,,
M,Lincoln,,,,,,,,,,,,,
M,Little Miss Sunshine,,,,,,,,,,,,,
M,Live and Let Die,,,,,,,,,,,,,
M,Logan,,,,,,,,,,,,,
M,Lolita,,,,,,,,,,,,,
M,Love Actually,,,,,,,,,,,,,
M,Madagascar,,,,,,,,,,,,,
M,Madama Butterfly,,,,,,,,,,,,,
M,Magnolia,,,,,,,,,,,,,
M,Maid in Manhattan,,,,,,,,,,,,,
M,Malcolm X,,,,,,,,,,,,,
M,Maleficent,,,,,,,,,,,,,
M,Mamma Mia!,Mamma Mia,,,,,,,,,,,,
M,Manchester by the Sea,,,,,,,,,,,,,
M,Manhattan,,,,,,,,,,,,,
M,Marathon Man,,,,,,,,,,,,,
M,Margin Call,,,,,,,,,,,,,
M,Mary Poppins,,,,,,,,,,,,,
M,Mary Poppins Returns,Mary Poppins,,,,,,,,,,,,
M,Mean Girls,,,,,,,,,,,,,
M,Meet the Parents,,,,,,,,,,,,,
M,Megamind,,,,,,,,,,,,,
M,Memento,,,,,,,,,,,,,
M,Men in Black,,,,,,,,,,,,,
M,Metropolis,,,,,,,,,,,,,
M,Midnight Cowboy,,,,,,,,,,,,,
M,Milk,,,,,,,,,,,,,
M,Million Dollar Baby,,,,,,,,,,,,,
M,Minions,,,,,,,,,,,,,
M,Minority Report,,,,,,,,,,,,,
M,Miracle on 34th Street,,,,,,,,,,,,,
M,Misery,,,,,,,,,,,,,
M,Miss Congeniality,,,,,,,,,,,,,
M,Mission Impossible,,,,,,,,,,,,,
M,Moana,,,,,,,,,,,,,
M,Modern Times,,,,,,,,,,,,,
M,Moneyball,,,,,,,,,,,,,
M,Monsters University,,,,,,,,,,,,,
M,Monsters vs. Aliens,,,,,,,,,,,,,
M,"Monsters, Inc.",Monsters Inc,,,,,,,,,,,,
M,Moonlight,,,,,,,,,,,,,
M,Moulin Rouge!,Moulin Rouge,,,,,,,,,,,,
M,Mr. & Mrs. Smith,,,,,,,,,,,,,
M,Mr. Smith Goes to Washington,,,,,,,,,,,,,
M,Mrs. Brown,,,,,,,,,,,,,
M,Mulan,,,,,,,,,,,,,
M,Mulholland Drive,,,,,,,,,,,,,
M,Munich,,,,,,,,,,,,,
M,My Best Friend's Wedding,,,,,,,,,,,,,
M,My Big Fat Greek Wedding,,,,,,,,,,,,,
M,My Fair Lady,,,,,,,,,,,,,
M,Naked Lunch,,,,,,,,,,,,,
M,Nanny McPhee,,,,,,,,,,,,,
M,Napoleon Dynamite,,,,,,,,,,,,,
M,National Lampoon's Christmas Vacation,Christmas Vacation,,,,,,,,,,,,
M,National Treasure,,,,,,,,,,,,,
M,Network,,,,,,,,,,,,,
M,Night at the Museum,,,,,,,,,,,,,
M,Nightcrawler,,,,,,,,,,,,,
M,Nightmare on Elm Street,A Nightmare on Elm Street,,,,,,,,,,,,
M,No Country for Old Men,,,,,,,,,,,,,
M,No Time to Die,,,,,,,,,,,,,
M,No Way Out,,,,,,,,,,,,,
M,Nomadland,,,,,,,,,,,,,
M,North by Northwest,,,,,,,,,,,,,
M,Nosferatu,,,,,,,,,,,,,
M,Notting Hill,,,,,,,,,,,,,
M,Now You See Me,,,,,,,,,,,,,
M,Oblivion,,,,,,,,,,,,,
M,Ocean's 8,Oceans Eight,,,,,,,,,,,,
M,Ocean's Eleven,Oceans 11,,,,,,,,,,,,
M,Ocean's Thirteen,Oceans 13,,,,,,,,,,,,
M,Ocean's Twelve,Oceans 12,,,,,,,,,,,,
M,Oliver!,Oliver,,,,,,,,,,,,
M,On the Waterfront,,,,,,,,,,,,,
M,Once Upon a Time in America,,,,,,,,,,,,,
M,Once Upon a Time in the West,,,,,,,,,,,,,
M,Oppenheimer,,,,,,,,,,,,,
M,Our Kind of Traitor,,,,,,,,,,,,,
M,Out of Africa,,,,,,,,,,,,,
M,Outbreak,,,,,,,,,,,,,
M,Over the Hedge,,,,,,,,,,,,,
M,Paddington,,,,,,,,,,,,,
M,Paranormal Activity,,,,,,,,,,,,,
M,Parasite,,,,,,,,,,,,,
M,Passport to Pimlico,,,,,,,,,,,,,
M,Pearl Harbor,,,,,,,,,,,,,
M,Percy Jackson & the Olympians: The Lightning Thief,Percy Jackson,,,,,,,,,,,,
M,Pete's Dragon,,,,,,,,,,,,,
M,Philadelphia,,,,,,,,,,,,,
M,Pinocchio,,,,,,,,,,,,,
M,Pirates of the Caribbean: The Curse of the Black Pearl,Pirates of the Caribbean,,,,,,,,,,,,
M,Pitch Perfect,,,,,,,,,,,,,
M,Planet of the Apes,,,,,,,,,,,,,
M,Platoon,,,,,,,,,,,,,
M,Pocahontas,,,,,,,,,,,,,
M,Point Break,,,,,,,,,,,,,
M,Poltergeist,,,,,,,,,,,,,
M,Predator,,,,,,,,,,,,,
M,Pretty in Pink,,,,,,,,,,,,,
M,Pretty Woman,,,,,,,,,,,,,
M,Primary Colors,,,,,,,,,,,,,
M,Puss in Boots,,,,,,,,,,,,,
M,Quantum of Solace,,,,,,,,,,,,,
M,Raging Bull,,,,,,,,,,,,,
M,Rain Man,,,,,,,,,,,,,
M,Ratatouille,,,,,,,,,,,,,
M,Ray,,,,,,,,,,,,,
M,Ready Player One,,,,,,,,,,,,,
M,Rear Window,,,,,,,,,,,,,
M,Rebecca,,,,,,,,,,,,,
M,Red Notice,,,,,,,,,,,,,
M,Reds,,,,,,,,,,,,,
M,Remember the Titans,,,,,,,,,,,,,
M,Rio,,,,,,,,,,,,,
M,Robin Hood,,,,,,,,,,,,,
M,RoboCop,,,,,,,,,,,,,
M,Rocketman,,,,,,,,,,,,,
M,Rocky,,,,,,,,,,,,,
M,Roman Holiday,,,,,,,,,,,,,
M,Rosemary's Baby,,,,,,,,,,,,,
M,Rudolph the Red-Nosed Reindeer,,,,,,,,,,,,,
M,Rush,,,,,,,,,,,,,
M,Salt,,,,,,,,,,,,,
M,Saving Private Ryan,,,,,,,,,,,,,
M,Schindler's List,,,,,,,,,,,,,
M,School of Rock,,,,,,,,,,,,,
M,Scream,,,,,,,,,,,,,
M,Se7en,Seven,,,,,,,,,,,,
M,Selma,,,,,,,,,,,,,
M,Seven Samurai,,,,,,,,,,,,,
M,Shakespeare in Love,,,,,,,,,,,,,
M,Shaun of the Dead,,,,,,,,,,,,,
M,Shazam!,Shazam,,,,,,,,,,,,
M,She's the Man,,,,,,,,,,,,,
M,Sherlock Holmes,,,,,,,,,,,,,
M,Shutter Island,,,,,,,,,,,,,
M,Signs,,,,,,,,,,,,,
M,Silence,,,,,,,,,,,,,
M,Silver Linings Playbook,,,,,,,,,,,,,
M,Sing,,,,,,,,,,,,,
M,Singin' in the Rain,,,,,,,,,,,,,
M,Sister Act,,,,,,,,,,,,,
M,Sleeping Beauty,,,,,,,,,,,,,
M,Sleeping with the Enemy,,,,,,,,,,,,,
M,Sleepless in Seattle,,,,,,,,,,,,,
M,Sliding Doors,,,,,,,,,,,,,
M,Slumdog Millionaire,,,,,,,,,,,,,
M,Snowpiercer,,,,,,,,,,,,,
M,Some Like It Hot,,,,,,,,,,,,,
M,Soul,,,,,,,,,,,,,
M,Space Jam,,,,,,,,,,,,,
M,Spectre,,,,,,,,,,,,,
M,Speed,,,,,,,,,,,,,
M,Spider-Man,Spider Man,,,,,,,,,,,,
M,Spotlight,,,,,,,,,,,,,
M,Star Trek,,,,,,,,,,,,,
M,Star Wars: A New Hope,Star Wars,,,,,,,,,,,,
M,Steel Magnolias,,,,,,,,,,,,,
M,Steve Jobs,,,,,,,,,,,,,
M,Straight Outta Compton,,,,,,,,,,,,,
M,Strangers on a Train,,,,,,,,,,,,,
M,Stuart Little,,,,,,,,,,,,,
M,Sully,,,,,,,,,,,,,
M,Sunset Boulevard,,,,,,,,,,,,,
M,Superman,,,,,,,,,,,,,
M,Swan Lake,,,,,,,,,,,,,
M,Sweet Home Alabama,,,,,,,,,,,,,
M,Talladega Nights,,,,,,,,,,,,,
M,Taxi Driver,,,,,,,,,,,,,
M,Teenage Mutant Ninja Turtles,,,,,,,,,,,,,
M,Terms of Endearment,,,,,,,,,,,,,
M,The Apartment,,,,,,,,,,,,,
M,The Aristocats,,,,,,,,,,,,,
M,The Artist,,,,,,,,,,,,,
M,The Avengers,,,,,,,,,,,,,
M,The Barber of Seville,,,,,,,,,,,,,
M,The Best Exotic Marigold Hotel,,,,,,,,,,,,,
M,The Big Short,,,,,,,,,,,,,
M,The Birds,,,,,,,,,,,,,
M,The Bodyguard,,,,,,,,,,,,,
M,The Boss Baby,,,,,,,,,,,,,
M,The Bourne Identity,,,,,,,,,,,,,
M,The Bourne Supremacy,,,,,,,,,,,,,
M,The Bourne Ultimatum,,,,,,,,,,,,,
M,The Break-Up,,,,,,,,,,,,,
M,The Breakfast Club,,,,,,,,,,,,,
M,The Bridge on the River Kwai,,,,,,,,,,,,,
M,The Candidate,,,,,,,,,,,,,
M,The Dark Knight,,,,,,,,,,,,,
M,The Day After Tomorrow,,,,,,,,,,,,,
M,The Deer Hunter,,,,,,,,,,,,,
M,The Departed,,,,,,,,,,,,,
M,The Descendants,,,,,,,,,,,,,
B,The Devil Wears Prada,,,,,,,,,,,,,
M,The Devil's Advocate,,,,,,,,,,,,,
M,The Elephant Man,,,,,,,,,,,,,
M,The English Patient,,,,,,,,,,,,,
M,The Exorcist,,,,,,,,,,,,,
M,The Fast and the Furious,Fast & Furious,,,,,,,,,,,,
M,The Fighter,,,,,,,,,,,,,
M,The Flash,,,,,,,,,,,,,
M,The Fourth Protocol,,,,,,,,,,,,,
M,The French Connection,,,,,,,,,,,,,
M,The Fugitive,,,,,,,,,,,,,
M,The Full Monty,,,,,,,,,,,,,
B,The Girl on the Train,,,,,,,,,,,,,
B,The Girl with the Dragon Tattoo,,,,,,,,,,,,,
M,The Gold Rush,,,,,,,,,,,,,
M,The Goonies,,,,,,,,,,,,,
M,The Grand Budapest Hotel,,,,,,,,,,,,,
M,The Gray Man,,,,,,,,,,,,,
M,The Great Dictator,,,,,,,,,,,,,
M,The Great Escape,,,,,,,,,,,,,
M,The Greatest Showman,,,,,,,,,,,,,
M,The Green Hornet,,,,,,,,,,,,,
M,The Green Mile,,,,,,,,,,,,,
M,The Grinch,How the Grinch Stole Christmas,,,,,,,,,,,,
M,The Handmaiden,,,,,,,,,,,,,
M,The Hangover,,,,,,,,,,,,,
B,The Help,,,,,,,,,,,,,
M,The Holiday,,,,,,,,,,,,,
M,The Hurt Locker,,,,,,,,,,,,,
M,The Hustler,,,,,,,,,,,,,
M,The Imitation Game,,,,,,,,,,,,,
M,The Incredible Hulk,,,,,,,,,,,,,
M,The Incredibles,,,,,,,,,,,,,
M,The Ipcress File,,,,,,,,,,,,,
M,The Italian Job,,,,,,,,,,,,,
M,The Jungle Book,,,,,,,,,,,,,
M,The Karate Kid,,,,,,,,,,,,,
M,The Killing Fields,,,,,,,,,,,,,
M,The King's Speech,,,,,,,,,,,,,
M,The Ladykillers,,,,,,,,,,,,,
M,The Last Emperor,,,,,,,,,,,,,
M,The Last Picture Show,,,,,,,,,,,,,
M,The Last Samurai,,,,,,,,,,,,,
M,The Last Temptation of Christ,,,,,,,,,,,,,
M,The Lion in Winter,,,,,,,,,,,,,
M,The Lion King,,,,,,,,,,,,,
M,The Longest Day,,,,,,,,,,,,,
M,The Madness of King George,,,,,,,,,,,,,
M,The Magic Flute,,,,,,,,,,,,,
M,The Maltese Falcon,,,,,,,,,,,,,
M,The Manchurian Candidate,,,,,,,,,,,,,
M,The Martian,,,,,,,,,,,,,
M,The Mask,,,,,,,,,,,,,
M,The Matrix,,,,,,,,,,,,,
M,The Maze Runner,,,,,,,,,,,,,
M,The Mighty Ducks,,,,,,,,,,,,,
M,The Monuments Men,,,,,,,,,,,,,
M,The Mummy,,,,,,,,,,,,,
M,The Natural,,,,,,,,,,,,,
M,The Never Ending Story,,,,,,,,,,,,,
M,The Nightmare Before Christmas,,,,,,,,,,,,,
M,The Nutcracker,,,,,,,,,,,,,
M,The Omen,,,,,,,,,,,,,
M,The Parent Trap,,,,,,,,,,,,,
M,The Piano,,,,,,,,,,,,,
M,The Polar Express,,,,,,,,,,,,,
M,The Poseidon Adventure,,,,,,,,,,,,,
M,The Post,,,,,,,,,,,,,
M,The Postman Always Rings Twice,,,,,,,,,,,,,
M,The Prestige,,,,,,,,,,,,,
M,The Prince of Tides,,,,,,,,,,,,,
M,The Princess Bride,,,,,,,,,,,,,
M,The Princess Diaries,,,,,,,,,,,,,
M,The Proposal,,,,,,,,,,,,,
M,The Purge,,,,,,,,,,,,,
M,The Pursuit of Happyness,,,,,,,,,,,,,
M,The Queen,,,,,,,,,,,,,
M,The Red Shoes,,,,,,,,,,,,,
M,The Revenant,,,,,,,,,,,,,
M,The Right Stuff,,,,,,,,,,,,,
M,The Rock,,,,,,,,,,,,,
M,The Royal Tenenbaums,,,,,,,,,,,,,
M,The Santa Clause,,,,,,,,,,,,,
M,The Secret Life of Pets,,,,,,,,,,,,,
M,The Seventh Seal,,,,,,,,,,,,,
M,The Shape of Water,,,,,,,,,,,,,
M,The Shawshank Redemption,,,,,,,,,,,,,
M,The Silence of the Lambs,,,,,,,,,,,,,
M,The Sixth Sense,,,,,,,,,,,,,
M,The Social Network,,,,,,,,,,,,,
M,The Sound of Music,,,,,,,,,,,,,
M,The Spy Who Loved Me,,,,,,,,,,,,,
M,The Sting,,,,,,,,,,,,,
M,The Suicide Squad,,,,,,,,,,,,,
M,The Tailor of Panama,,,,,,,,,,,,,
M,The Talented Mr. Ripley,,,,,,,,,,,,,
M,The Ten Commandments,,,,,,,,,,,,,
M,The Terminal,,,,,,,,,,,,,
M,The Theory of Everything,,,,,,,,,,,,,
M,The Thing,,,,,,,,,,,,,
M,The Third Man,,,,,,,,,,,,,
M,The Towering Inferno,,,,,,,,,,,,,
M,The Truman Show,,,,,,,,,,,,,
M,The Usual Suspects,,,,,,,,,,,,,
M,The Vow,,,,,,,,,,,,,
M,The Wedding Planner,,,,,,,,,,,,,
M,The Wedding Singer,,,,,,,,,,,,,
M,The Wild Bunch,,,,,,,,,,,,,
M,The Wild Robot,,,,,,,,,,,,,
M,The Wolf of Wall Street,,,,,,,,,,,,,
M,The World's End,,,,,,,,,,,,,
M,There Will Be Blood,,,,,,,,,,,,,
M,This Is England,,,,,,,,,,,,,
M,Thor,,,,,,,,,,,,,
M,"Three Billboards Outside Ebbing, Missouri",Three Billboards,,,,,,,,,,,,
M,Three Colours: Blue,Three Colors Blue,,,,,,,,,,,,
M,Timbuktu,,,,,,,,,,,,,
M,Titanic,,,,,,,,,,,,,
M,Tomb Raider,,,,,,,,,,,,,
M,Top Gun,,,,,,,,,,,,,
M,Top Gun: Maverick,Maverick,,,,,,,,,,,,
M,Total Recall,,,,,,,,,,,,,
M,Toy Story,,,,,,,,,,,,,
M,Traffic,,,,,,,,,,,,,
M,Trainspotting,,,,,,,,,,,,,
M,Transformers,,,,,,,,,,,,,
M,Troy,,,,,,,,,,,,,
M,True Lies,,,,,,,,,,,,,
M,Twelve Monkeys,12 Monkeys,,,,,,,,,,,,
M,Twelve Years a Slave,12 Years a Slave,,,,,,,,,,,,
M,Twilight,,,,,,,,,,,,,
M,Twister,,,,,,,,,,,,,
M,Unforgiven,,,,,,,,,,,,,
M,Up,,,,,,,,,,,,,
M,Van Helsing,,,,,,,,,,,,,
M,Venom,,,,,,,,,,,,,
M,Vertigo,,,,,,,,,,,,,
M,Walk the Line,,,,,,,,,,,,,
M,Wall Street,,,,,,,,,,,,,
M,War of the Worlds,,,,,,,,,,,,,
M,Wedding Crashers,,,,,,,,,,,,,
M,Weird Science,,,,,,,,,,,,,
M,West Side Story,,,,,,,,,,,,,
M,What Women Want,,,,,,,,,,,,,
M,When Harry Met Sally...,When Harry Met Sally,,,,,,,,,,,,
M,While You Were Sleeping,,,,,,,,,,,,,
M,Whiplash,,,,,,,,,,,,,
M,Whisky Galore!,Whisky Galore,,,,,,,,,,,,
M,White Christmas,,,,,,,,,,,,,
M,Wicked,,,,,,,,,,,,,
M,Wild Strawberries,,,,,,,,,,,,,
M,Willy Wonka & the Chocolate Factory,Willy Wonka,,,,,,,,,,,,
M,Withnail and I,,,,,,,,,,,,,
M,Wolverine,X-Men Origins: Wolverine,,,,,,,,,,,,
M,Wonder Woman,,,,,,,,,,,,,
M,Wonka,,,,,,,,,,,,,
M,World War Z,,,,,,,,,,,,,
M,Wreck-It Ralph,Wreck It Ralph,,,,,,,,,,,,
M,X-Men,X Men,,,,,,,,,,,,
M,Yesterday,,,,,,,,,,,,,
M,You've Got Mail,,,,,,,,,,,,,
M,Zero Dark Thirty,,,,,,,,,,,,,
M,Zodiac,,,,,,,,,,,,,
M,Zombieland,,,,,,,,,,,,,
M,Zoolander,,,,,,,,,,,,,
M,Zootopia,Zootropolis,,,,,,,,,,,,
M,Saturday Night Fever,,,,,,,,,,,,,
M,Kill Bill,,,,,,,,,,,,,
M,Risky Business,,,,,,,,,,,,,
M,Born on the Fourth of July,Born on the 4th of July,,,,,,,,,,,,
M,"The Good, the Bad and the Ugly",,,,,,,,,,,,,
M,Coogan's Bluff,,,,,,,,,,,,,
M,From Here to Eternity,,,,,,,,,,,,,
M,The Wicker Man,,,,,,,,,,,,,
M,Local Hero,,,,,,,,,,,,,
M,Pulp Fiction,,,,,,,,,,,,,
M,Get Shorty,,,,,,,,,,,,,
M,Blue Jasmine,,,,,,,,,,,,,
M,Where Eagles Dare,,,,,,,,,,,,,
M,The Guns of Navarone,,,,,,,,,,,,,
M,The Witness,,,,,,,,,,,,,
M,Smokey and the Bandit,,,,,,,,,,,,,
M,Convoy,,,,,,,,,,,,,
M,The Green Lantern,,,,,,,,,,,,,
M,Australia,,,,,,,,,,,,,
M,Evita,,,,,,,,,,,,,
M,The Phantom,,,,,,,,,,,,,
M,Room at the Top,,,,,,,,,,,,,
M,"Saturday Night, Sunday Morning",,,,,,,,,,,,,
M,The Alamo,,,,,,,,,,,,,
M,A Fistful of Dollars,,,,,,,,,,,,,
M,Dirty Harry,,,,,,,,,,,,,
M,Rambo,,,,,,,,,,,,,
M,Mona Lisa,,,,,,,,,,,,,
B,Cider with Rosie,,,,,,,,,,,,,
M,Desperately Seeking Susan,,,,,,,,,,,,,
M,Dick Tracy,,,,,,,,,,,,,
M,Splendor in the Grass,,,,,,,,,,,,,
M,Heaven Can Wait,,,,,,,,,,,,,
M,The Verdict,,,,,,,,,,,,,
M,The Color of Money,The Colour of Money,,,,,,,,,,,,
M,Slap Shot,,,,,,,,,,,,,
M,The Way We Were,,,,,,,,,,,,,
M,The Mexican,,,,,,,,,,,,,
M,Lock Stock and Two Smoking Barrels,Lock Stock and 2 Smoking Barrels,,,,,,,,,,,,
M,Snatch,,,,,,,,,,,,,
M,The Curious Case of Benjamin Button,Benjamin Button,,,,,,,,,,,,
M,"O Brother, Where Art Thou?",,,,,,,,,,,,,
M,Three Kings,3 Kings,,,,,,,,,,,,
M,The Perfect Storm,,,,,,,,,,,,,
M,Nine Months,9 Months,,,,,,,,,,,,
M,Sleuth,,,,,,,,,,,,,
M,The Prince and the Showgirl,,,,,,,,,,,,,
M,Genevieve,,,,,,,,,,,,,
M,Herbie Rides Again,,,,,,,,,,,,,
M,Peggy Sue Got Married,,,,,,,,,,,,,
M,Birdman of Alcatraz,,,,,,,,,,,,,
M,Gunfight at the O.K. Corral,,,,,,,,,,,,,
M,The Odd Couple,,,,,,,,,,,,,
M,The Vikings,,,,,,,,,,,,,
M,Houdini,,,,,,,,,,,,,
M,The Thomas Crown Affair,,,,,,,,,,,,,
M,For Your Eyes Only,,,,,,,,,,,,,
M,Thunderball,,,,,,,,,,,,,
M,Logan's Run,,,,,,,,,,,,,
M,Papillon,,,,,,,,,,,,,
M,The Graduate,,,,,,,,,,,,,
M,Shaft,,,,,,,,,,,,,
M,Blinded by the Light,,,,,,,,,,,,,
M,Gangs of New York,,,,,,,,,,,,,
M,Raising Arizona,,,,,,,,,,,,,
M,Moonstruck,,,,,,,,,,,,,
M,Wonder Boys,,,,,,,,,,,,,
M,Falling Down,,,,,,,,,,,,,
M,Romancing the Stone,,,,,,,,,,,,,
M,The Jewel of the Nile,,,,,,,,,,,,,
M,The Star Chamber,,,,,,,,,,,,,
M,The King of Comedy,,,,,,,,,,,,,
M,The Untouchables,,,,,,,,,,,,,
M,Angel Heart,,,,,,,,,,,,,
M,The Accused,,,,,,,,,,,,,
M,Panic Room,,,,,,,,,,,,,
M,Little Man Tate,,,,,,,,,,,,,
M,The Shipping News,,,,,,,,,,,,,
M,White Men Can't Jump,,,,,,,,,,,,,
M,Mystic Pizza,,,,,,,,,,,,,
M,The Place Beyond the Pines,,,,,,,,,,,,,
B,The Dogs of War,,,,,,,,,,,,,
M,Mrs. Doubtfire,,,,,,,,,,,,,
M,Good Morning Vietnam,,,,,,,,,,,,,
M,The Lawnmower Man,,,,,,,,,,,,,
M,Black Adam,,,,,,,,,,,,,
M,Get Smart,,,,,,,,,,,,,
M,Zorro,,,,,,,,,,,,,
M,Sinbad Legend of the Seven Seas,Sinbad,,,,,,,,,,,,
M,Miami Vice,,,,,,,,,,,,,
M,Eddie The Eagle,,,,,,,,,,,,,
M,Eyes Wide Shut,,,,,,,,,,,,,
M,Who Framed Roger Rabbit,,,,,,,,,,,,,
M,Hannah and Her Sisters,,,,,,,,,,,,,
M,Get Carter,,,,,,,,,,,,,
M,Educating Rita,,,,,,,,,,,,,
M,Dirty Rotten Scoundrels,,,,,,,,,,,,,
M,This Sporting Life,,,,,,,,,,,,,
M,Tarzan - the Legend of Greystoke,Tarzan,,,,,,,,,,,,
M,Stagecoach,,,,,,,,,,,,,
M,True Grit,,,,,,,,,,,,,
M,Scent of a Woman,,,,,,,,,,,,,
M,The African Queen,,,,,,,,,,,,,
M,Sabrina,,,,,,,,,,,,,
T,'Allo 'Allo!,Allo Allo,,,,,,,,,,,,
T,24,Twenty Four,,,,,,,,,,,,
T,3rd Rock from the Sun,,,,,,,,,,,,,
T,Absolutely Fabulous,,,,,,,,,,,,,
T,Adolescence,,,,,,,,,,,,,
T,Ally McBeal,,,,,,,,,,,,,
T,American Dad!,American Dad,,,,,,,,,,,,
T,Are You Being Served?,,,,,,,,,,,,,
T,Baby Reindeer,,,,,,,,,,,,,
T,Band of Brothers,,,,,,,,,,,,,
T,Baywatch,,,,,,,,,,,,,
T,Better Call Saul,,,,,,,,,,,,,
T,Big Brother,,,,,,,,,,,,,
T,Birds of a Feather,,,,,,,,,,,,,
T,Black Mirror,,,,,,,,,,,,,
T,Blackadder,,,,,,,,,,,,,
T,Blue Planet,,,,,,,,,,,,,
T,Bluey,,,,,,,,,,,,,
T,Boardwalk Empire,,,,,,,,,,,,,
T,Boston Legal,,,,,,,,,,,,,
T,Breaking Bad,,,,,,,,,,,,,
T,Bridgerton,,,,,,,,,,,,,
T,Britain's Got Talent,,,,,,,,,,,,,
T,Broadchurch,,,,,,,,,,,,,
T,Buffy the Vampire Slayer,Buffy,,,,,,,,,,,,
T,Call the Midwife,,,,,,,,,,,,,
T,Cheers,,,,,,,,,,,,,
T,Columbo,,,,,,,,,,,,,
T,Come Dine with Me,,,,,,,,,,,,,
T,Coronation Street,,,,,,,,,,,,,
T,Cracker,,,,,,,,,,,,,
T,CSI,CSI: Crime Scene Investigation,,,,,,,,,,,,
T,Curb Your Enthusiasm,,,,,,,,,,,,,
T,Dad's Army,,,,,,,,,,,,,
T,Dancing with the Stars,,,,,,,,,,,,,
T,Daredevil,,,,,,,,,,,,,
T,Deal or No Deal,,,,,,,,,,,,,
T,Death in Paradise,,,,,,,,,,,,,
T,Derry Girls,,,,,,,,,,,,,
T,Dexter,,,,,,,,,,,,,
T,Dora the Explorer,,,,,,,,,,,,,
T,Dragons' Den,,,,,,,,,,,,,
T,EastEnders,,,,,,,,,,,,,
T,Elementary,,,,,,,,,,,,,
T,Emily in Paris,,,,,,,,,,,,,
T,Endeavour,,,,,,,,,,,,,
T,ER,,,,,,,,,,,,,
T,Family Guy,,,,,,,,,,,,,
T,Fleabag,,,,,,,,,,,,,
T,Frasier,,,,,,,,,,,,,
T,Friends,,,,,,,,,,,,,
T,Futurama,,,,,,,,,,,,,
B,Game of Thrones,,,,,,,,,,,,,
T,Gavin & Stacey,,,,,,,,,,,,,
T,Gossip Girl,,,,,,,,,,,,,
T,Grantchester,,,,,,,,,,,,,
T,Grey's Anatomy,,,,,,,,,,,,,
T,Hannah Montana,,,,,,,,,,,,,
T,Happy Days,,,,,,,,,,,,,
T,Hawaii Five-0,Hawaii 5 0,,,,,,,,,,,,
T,Home and Away,,,,,,,,,,,,,
T,Home Improvement,,,,,,,,,,,,,
T,Homeland,,,,,,,,,,,,,
T,House,House M.D.,,,,,,,,,,,,
T,House of Cards,,,,,,,,,,,,,
T,House of the Dragon,,,,,,,,,,,,,
T,How I Met Your Mother,,,,,,,,,,,,,
T,How to Get Away with Murder,,,,,,,,,,,,,
T,Industry,,,,,,,,,,,,,
T,Jessica Jones,,,,,,,,,,,,,
T,Killing Eve,,,,,,,,,,,,,
T,King of the Hill,,,,,,,,,,,,,
T,Knight Rider,,,,,,,,,,,,,
T,Last of the Summer Wine,,,,,,,,,,,,,
T,Law & Order,,,,,,,,,,,,,
T,Line of Duty,,,,,,,,,,,,,
T,Lost,,,,,,,,,,,,,
T,Love Island,,,,,,,,,,,,,
T,Luther,,,,,,,,,,,,,
T,Mad Men,,,,,,,,,,,,,
T,Magnum P.I.,Magnum,,,,,,,,,,,,
T,Malcolm in the Middle,,,,,,,,,,,,,
T,Married... with Children,Married with Children,,,,,,,,,,,,
T,MasterChef,,,,,,,,,,,,,
T,Melrose Place,,,,,,,,,,,,,
T,Midsomer Murders,,,,,,,,,,,,,
T,Miranda,,,,,,,,,,,,,
T,Miss Marple,,,,,,,,,,,,,
T,Modern Family,,,,,,,,,,,,,
T,Monk,,,,,,,,,,,,,
T,Monty Python's Flying Circus,Monty Python,,,,,,,,,,,,
T,Mr. Bean,,,,,,,,,,,,,
T,"Murder, She Wrote",,,,,,,,,,,,,
T,NCIS,,,,,,,,,,,,,
T,Neighbours,,,,,,,,,,,,,
T,Not Going Out,,,,,,,,,,,,,
T,Only Fools and Horses,,,,,,,,,,,,,
T,Only Murders in the Building,,,,,,,,,,,,,
T,Orange Is the New Black,,,,,,,,,,,,,
T,Outlander,,,,,,,,,,,,,
T,Ozark,,,,,,,,,,,,,
T,Parks and Recreation,,,,,,,,,,,,,
T,Paw Patrol,,,,,,,,,,,,,
T,Peaky Blinders,,,,,,,,,,,,,
T,Peep Show,,,,,,,,,,,,,
T,Peppa Pig,,,,,,,,,,,,,
T,Planet Earth,,,,,,,,,,,,,
T,Poirot,Agatha Christie's Poirot,,,,,,,,,,,,
T,Pokemon,Pokamon,,,,,,,,,,,,
T,Poldark,,,,,,,,,,,,,
T,Postman Pat,,,,,,,,,,,,,
T,Power Rangers,,,,,,,,,,,,,
T,Prime Suspect,,,,,,,,,,,,,
T,Prison Break,,,,,,,,,,,,,
T,Quantum Leap,,,,,,,,,,,,,
T,Reacher,,,,,,,,,,,,,
T,Ripley,,,,,,,,,,,,,
T,Roots,,,,,,,,,,,,,
T,Roseanne,,,,,,,,,,,,,
T,Rugrats,,,,,,,,,,,,,
T,Schitt's Creek,,,,,,,,,,,,,
T,Scooby-Doo,Scooby Doo,,,,,,,,,,,,
T,Scrubs,,,,,,,,,,,,,
T,Seinfeld,,,,,,,,,,,,,
T,Sesame Street,,,,,,,,,,,,,
T,Sherlock,,,,,,,,,,,,,
T,Shetland,,,,,,,,,,,,,
T,Shogun,,,,,,,,,,,,,
T,Silent Witness,,,,,,,,,,,,,
T,Slow Horses,,,,,,,,,,,,,
T,Smallville,,,,,,,,,,,,,
T,South Park,,,,,,,,,,,,,
T,Spartacus,,,,,,,,,,,,,
T,Squid Game,,,,,,,,,,,,,
T,Stranger Things,,,,,,,,,,,,,
T,Strictly Come Dancing,,,,,,,,,,,,,
T,Succession,,,,,,,,,,,,,
T,Suits,,,,,,,,,,,,,
T,Supernatural,,,,,,,,,,,,,
T,Survivor,,,,,,,,,,,,,
T,Taxi,,,,,,,,,,,,,
T,Ted Lasso,,,,,,,,,,,,,
T,The A-Team,The A Team,,,,,,,,,,,,
T,The Apprentice,,,,,,,,,,,,,
T,The Bear,,,,,,,,,,,,,
T,The Big Bang Theory,,,,,,,,,,,,,
T,The Boys,,,,,,,,,,,,,
T,The Cosby Show,,,,,,,,,,,,,
T,The Crown,,,,,,,,,,,,,
T,The Diplomat,,,,,,,,,,,,,
T,The Fresh Prince of Bel-Air,,,,,,,,,,,,,
T,The Golden Girls,,,,,,,,,,,,,
T,The Good Doctor,,,,,,,,,,,,,
T,The Good Life,,,,,,,,,,,,,
T,The Good Wife,,,,,,,,,,,,,
T,The Handmaid's Tale,,,,,,,,,,,,,
T,The Inbetweeners,,,,,,,,,,,,,
T,The Last Kingdom,,,,,,,,,,,,,
T,The Lincoln Lawyer,,,,,,,,,,,,,
T,The Night Manager,,,,,,,,,,,,,
T,The Office,,,,,,,,,,,,,
T,The Powerpuff Girls,,,,,,,,,,,,,
T,The Simpsons,,,,,,,,,,,,,
T,The Sopranos,,,,,,,,,,,,,
T,The Tudors,,,,,,,,,,,,,
T,The Twilight Zone,,,,,,,,,,,,,
T,The Vicar of Dibley,,,,,,,,,,,,,
T,The Voice,,,,,,,,,,,,,
T,The Walking Dead,,,,,,,,,,,,,
T,The West Wing,,,,,,,,,,,,,
T,The White Lotus,,,,,,,,,,,,,
T,The Wire,,,,,,,,,,,,,
T,The Witcher,,,,,,,,,,,,,
T,The Wonder Years,,,,,,,,,,,,,
T,The X Factor,,,,,,,,,,,,,
T,The X-Files,,,,,,,,,,,,,
T,Two and a Half Men,,,,,,,,,,,,,
T,Veep,,,,,,,,,,,,,
T,Victoria,,,,,,,,,,,,,
T,Westworld,,,,,,,,,,,,,
T,What We Do in the Shadows,,,,,,,,,,,,,
T,Who Wants to Be a Millionaire,,,,,,,,,,,,,
T,Wolf Hall,,,,,,,,,,,,,
T,Yellowstone,,,,,,,,,,,,,
T,Yes Minister,,,,,,,,,,,,,
T,The Muppet Show,The Muppets,,,,,,,,,,,,
T,Bill and Ben,,,,,,,,,,,,,
T,Champion the Wonder Horse,,,,,,,,,,,,,
T,The Beverly Hillbillies,,,,,,,,,,,,,
T,Saturday Night Live,,,,,,,,,,,,,
T,Extras,,,,,,,,,,,,,
T,Jeopardy,,,,,,,,,,,,,
T,Dr Who,,,,,,,,,,,,,
T,Bewitched,,,,,,,,,,,,,
T,The Addams Family,,,,,,,,,,,,,
T,I Love Lucy,,,,,,,,,,,,,
T,The Brady Bunch,,,,,,,,,,,,,
T,Starsky and Hutch,,,,,,,,,,,,,
T,The Rockford Files,,,,,,,,,,,,,
T,Cagney and Lacey,,,,,,,,,,,,,
T,Kojak,,,,,,,,,,,,,
T,The Mentalist,,,,,,,,,,,,,
T,Hill Street Blues,Hill St Blues,,,,,,,,,,,,
T,Twin Peaks,,,,,,,,,,,,,
T,Avatar: The Last Airbender,Avatar,,,,,,,,,,,,
T,The Mickey Mouse Club,,,,,,,,,,,,,
T,The Flintstones,,,,,,,,,,,,,
T,Wacky Races,,,,,,,,,,,,,
T,Top Cat,,,,,,,,,,,,,
T,Danger Mouse,,,,,,,,,,,,,
T,Episodes,,,,,,,,,,,,,
T,The Traitors,,,,,,,,,,,,,
T,The Wheel,,,,,,,,,,,,,
T,Weakest Link,,,,,,,,,,,,,
T,Supermarket Sweep,,,,,,,,,,,,,
T,Taskmaster,,,,,,,,,,,,,
T,Catchphrase,,,,,,,,,,,,,
T,Blockbusters,,,,,,,,,,,,,
T,Wipeout,,,,,,,,,,,,,
T,What's My Line,,,,,,,,,,,,,
T,Sale of the Century,,,,,,,,,,,,,
T,Top Gear,,,,,,,,,,,,,
T,Grand Designs,,,,,,,,,,,,,
T,Antiques Roadshow,,,,,,,,,,,,,
T,Gogglebox,,,,,,,,,,,,,
T,Clarkson's Farm,,,,,,,,,,,,,
T,Dallas,,,,,,,,,,,,,
T,Dynasty,,,,,,,,,,,,,
T,The Shield,,,,,,,,,,,,,
T,Desp,,,,,,,,,,,,,
T,Desperate Housewives,,,,,,,,,,,,,
T,Glee,,,,,,,,,,,,,
T,The Vampire Diaries,,,,,,,,,,,,,
T,Myth Busters,,,,,,,,,,,,,
T,The Mandalorian,,,,,,,,,,,,,
T,Ugly Betty,,,,,,,,,,,,,
T,The Masked Singer,,,,,,,,,,,,,
T,Deadwood,,,,,,,,,,,,,
T,All Creatures Great and Small,,,,,,,,,,,,,
T,"Upstairs, Downstairs",,,,,,,,,,,,,
T,Inspector Morse,Morse,,,,,,,,,,,,
T,Torchwood,,,,,,,,,,,,,
T,Red Dwarf,,,,,,,,,,,,,
T,Ghosts,,,,,,,,,,,,,
T,The Great Pottery Throw Down,,,,,,,,,,,,,
T,Long Way Round,,,,,,,,,,,,,
T,Merlin,,,,,,,,,,,,,
T,Hell's Kitchen,,,,,,,,,,,,,
T,Nigella Bites,,,,,,,,,,,,,
T,The Hairy Bikers' Cookbook,Hairy Bikers,,,,,,,,,,,,
T,The Bold and the Beautiful,,,,,,,,,,,,,
T,Knots Landing,,,,,,,,,,,,,
T,Beverly Hills 90210,Beverly Hills,,,,,,,,,,,,
T,Emmerdale,,,,,,,,,,,,,
T,Hollyoaks,,,,,,,,,,,,,
T,Brookside,,,,,,,,,,,,,
T,Six Feet Under,,,,,,,,,,,,,
T,Severance,,,,,,,,,,,,,
T,NYPD Blue,,,,,,,,,,,,,
T,V,,,,,,,,,,,,,
T,"I, Claudius",,,,,,,,,,,,,
T,The Royle Family,,,,,,,,,,,,,
T,Father Ted,,,,,,,,,,,,,
T,Father Brown,,,,,,,,,,,,,
T,Life on Mars,,,,,,,,,,,,,
T,Ashes to Ashes,,,,,,,,,,,,,
T,Top of the Pops,,,,,,,,,,,,,
M,Crocodile Dundee,,,,,,,,,,,,,
M,Picnic at Hanging Rock,,,,,,,,,,,,,
M,Strictly Ballroom,,,,,,,,,,,,,
M,Gallipoli,,,,,,,,,,,,,
M,Rabbit Proof Fence,,,,,,,,,,,,,
M,Shine,,,,,,,,,,,,,
M,The King and I,,,,,,,,,,,,,
M,Fiddler on the Roof,,,,,,,,,,,,,
M,Guys and Dolls,,,,,,,,,,,,,
M,Camelot,,,,,,,,,,,,,
M,The Rocky Horror Picture Show,Rocky Horror,,,,,,,,,,,,
M,The Producers,,,,,,,,,,,,,
M,Fame,,,,,,,,,,,,,
T,Porridge,,,,,,,,,,,,,
T,One Foot in the Grave,,,,,,,,,,,,,
T,Men Behaving Badly,,,,,,,,,,,,,
T,Drop the Dead Donkey,,,,,,,,,,,,,
T,The League of Gentlemen,,,,,,,,,,,,,
T,The Trip,,,,,,,,,,,,,
T,The Outlaws,,,,,,,,,,,,,
T,"I'm a Celebrity, Get Me Out of Here",Im a Celebrity,,,,,,,,,,,,
M,The Lady Vanishes,,,,,,,,,,,,,
B,Tinker Tailor Soldier Spy,,,,,,,,,,,,,
B,The Little Drummer Girl,,,,,,,,,,,,,
M,Brassed Off,,,,,,,,,,,,,
M,Life of Brian,,,,,,,,,,,,,
M,Saltburn,,,,,,,,,,,,,
B,The Spy who Came in From the Cold,,,,,,,,,,,,,
B,My Man Jeeves,Jeeves,,,,,,,,,,,,
M,The Pink Panther,,,,,,,,,,,,,
M,Johnny English,,,,,,,,,,,,,
M,Austin Powers: International Man of Mystery,Austin Powers,,,,,,,,,,,,
M,Wayne's World,,,,,,,,,,,,,
M,The Magnificent Seven,The Magnificent 7,,,,,,,,,,,,
M,The Doors,,,,,,,,,,,,,
M,French Kiss,,,,,,,,,,,,,
M,A Fish Called Wanda,,,,,,,,,,,,,
M,The Blues Brothers,,,,,,,,,,,,,
M,Trading Places,,,,,,,,,,,,,
B,The Big Sleep,,,,,,,,,,,,,
M,The Saint,,,,,,,,,,,,,
M,Brave Heart,,,,,,,,,,,,,
M,Nine and a Half Weeks,9 and a Half Weeks,,,,,,,,,,,,
T,Lost in Space,,,,,,,,,,,,,
M,Last of the Mohicans,,,,,,,,,,,,,
M,The Patriot,,,,,,,,,,,,,
M,Blackboard Jungle,,,,,,,,,,,,,
M,Guess Who's Coming to Dinner,,,,,,,,,,,,,
M,The Jackal,,,,,,,,,,,,,
M,Calamity Jane,,,,,,,,,,,,,
B,The 39 Steps,,,,,,,,,,,,,
M,Mutiny on the Bounty,,,,,,,,,,,,,
M,Last Tango in Paris,,,,,,,,,,,,,
M,The Beach,,,,,,,,,,,,,
M,There's Something About Mary,,,,,,,,,,,,,
T,Teletubbies,,,,,,,,,,,,,
T,Hong Kong Phooey,,,,,,,,,,,,,
M,Enter the Dragon,,,,,,,,,,,,,
M,Fists of Fury,,,,,,,,,,,,,
T,The Hair Bear Bunch,,,,,,,,,,,,,
T,Maverick,,,,,,,,,,,,,
B,Ice Station Zebra,,,,,,,,,,,,,
M,Magic Mike,,,,,,,,,,,,,
M,The Dallas Buyer's Club,,,,,,,,,,,,,
M,The Eagle,,,,,,,,,,,,,
M,21 Jump Street,,,,,,,,,,,,,
M,Scrooged,,,,,,,,,,,,,
M,Stripes,,,,,,,,,,,,,
M,Lost in Translation,,,,,,,,,,,,,
M,Empire of the Sun,,,,,,,,,,,,,
M,The Bachelor Party,,,,,,,,,,,,,
M,Police Academy,,,,,,,,,,,,,
T,The Rookie,,,,,,,,,,,,,
M,One Battle After Another,,,,,,,,,,,,,
M,The Game,,,,,,,,,,,,,
M,Private Benjamin,,,,,,,,,,,,,
M,The First Wives Club,,,,,,,,,,,,,
M,Tombstone,,,,,,,,,,,,,
M,Escape from L A,,,,,,,,,,,,,
M,Stargate,,,,,,,,,,,,,
M,Tequila Sunrise,,,,,,,,,,,,,
M,Elvis,,,,,,,,,,,,,
M,Kissing Cousins,,,,,,,,,,,,,
M,Jailhouse Rock,,,,,,,,,,,,,
M,King Creole,,,,,,,,,,,,,
M,Blue Hawaii,,,,,,,,,,,,,
M,The Outlaw Josey Wales,,,,,,,,,,,,,
M,The Expendables,,,,,,,,,,,,,
M,Judge Dredd,,,,,,,,,,,,,
M,Roadhouse,,,,,,,,,,,,,
M,Mississippi Burning,,,,,,,,,,,,,
T,Inspector Gadget,,,,,,,,,,,,,
T,The Red Hand Gang,,,,,,,,,,,,,
M,Tootsie,,,,,,,,,,,,,
M,The Mission,,,,,,,,,,,,,
M,Reservoir Dogs,,,,,,,,,,,,,
M,The Bike Riders,,,,,,,,,,,,,
M,The Man who Fell to Earth,,,,,,,,,,,,,
M,Midnight Express,,,,,,,,,,,,,
M,King Richard,,,,,,,,,,,,,
M,Coach Carter,,,,,,,,,,,,,
M,The Champ,,,,,,,,,,,,,
M,Catwoman,,,,,,,,,,,,,
M,Supergirl,,,,,,,,,,,,,
M,Tank Girl,,,,,,,,,,,,,
M,Monster,,,,,,,,,,,,,
M,The Bird Cage,,,,,,,,,,,,,
M,Hook,,,,,,,,,,,,,
M,Popeye,,,,,,,,,,,,,
M,Waterworld,,,,,,,,,,,,,
M,Man of Steel,,,,,,,,,,,,,
M,Horrible Bosses,,,,,,,,,,,,,
M,Samson and Delilah,,,,,,,,,,,,,
M,LA Confidential,,,,,,,,,,,,,
B,Breakheart Pass,,,,,,,,,,,,,
M,Noah,,,,,,,,,,,,,
M,Red Eye,,,,,,,,,,,,,
M,Morning Glory,,,,,,,,,,,,,
M,The Bone Collector,,,,,,,,,,,,,
M,Collateral,,,,,,,,,,,,,
M,Match Point,,,,,,,,,,,,,
M,Girl with a Pearl Earring,,,,,,,,,,,,,
M,Chef,,,,,,,,,,,,,
M,Thelma and Louise,,,,,,,,,,,,,
M,The Witches of Eastwick,,,,,,,,,,,,,
M,Nine to Five,9 to 5,,,,,,,,,,,,
M,On Golden Pond,,,,,,,,,,,,,
M,The Aviator,,,,,,,,,,,,,
M,Raiders of the Lost Ark,,,,,,,,,,,,,
M,War Horse,,,,,,,,,,,,,
M,The Adventures of Tin Tin,Tin Tin,,,,,,,,,,,,
M,The Iron Horse,,,,,,,,,,,,,
M,Single White Female,,,,,,,,,,,,,
M,Boogie Nights,,,,,,,,,,,,,
M,Ted,,,,,,,,,,,,,
M,Kindergarten Cop,,,,,,,,,,,,,
M,Daddy Day Care,,,,,,,,,,,,,
,,,,,,,,,,,,,,
B,The Day of the Triffids,,,,,,,,,,,,,
T,Mastermind,,,,,,,,,,,,,
T,My Kitchen Rules,,,,,,,,,,,,,
T,Ivor The Engine,,,,,,,,,,,,,
T,Play School,,,,,,,,,,,,,
M,The Power of the Dog,,,,,,,,,,,,,
T,Songs of Praise,,,,,,,,,,,,,
T,Shoestring,,,,,,,,,,,,,
T,Silent Witness,,,,,,,,,,,,,
T,Multi-Coloured Swap Shop,Swap Shop,,,,,,,,,,,,
T,Tomorrow's World,,,,,,,,,,,,,
M,Flash Gordon,,,,,,,,,,,,,
T,Buck Rogers in the 25th Century,Buck Rogers,,,,,,,,,,,,
T,Thunderbirds,,,,,,,,,,,,,
T,Captain Scarlet,,,,,,,,,,,,,
M,An American Werewolf in London,,,,,,,,,,,,,
B,The Girl Who Played with Fire,,,,,,,,,,,,,
B,The Girl in the Spider's Web,,,,,,,,,,,,,
B,The Girl Who Kicked the Hornets' Nest,,,,,,,,,,,,,
